city,href
Paderna,https://borgo-office.it/borgo_paderna-aziendaagricola1/
Cessole,https://borgo-office.it/it_it/borgo_cessole-aziendaagricola35/
Vasia,https://borgo-office.it/borgo_vasia-aziendaagricola30/
Viano,https://borgo-office.it/borgo_viano-aziendaagricola22/
Bibbiena,https://borgo-office.it/borgo_bibbiena-aziendaagricola15/
Pomarance,https://borgo-office.it/borgo_pomarance-aziendaagricola14/
Micciano,https://borgo-office.it/borgo_micciano-aziendaagricola17/
Castiglione d’Orcia,https://borgo-office.it/borgo_castiglionedorcia-aziendaagricola20/
Figline Valdarno,https://borgo-office.it/borgo_figlinevaldarno-aziendaagricola23/
Calenzano,https://borgo-office.it/borgo_calenzano-aziendaagricola26/
Saturnia,https://borgo-office.it/it_it/borgo_saturnia-aziendaagricola38/
Gubbio,https://borgo-office.it/it_it/borgo_gubbio-aziendaagricola13/
Umbertide,https://borgo-office.it/borgo_umbertide-aziendaagricola25/
Pieve d’Agnano,https://borgo-office.it/borgo_pievedagnano-aziendaagricola28/
Riserva Naturale dell’Insugherata,https://borgo-office.it/borgo_insugherata-aziendaagricola19/
Vibonati,https://borgo-office.it/borgo_vibonati-aziendaagricola27/
Martina Franca,https://borgo-office.it/borgo_martinafranca-aziendaagricola16/
Cerignola,https://borgo-office.it/borgo_cerignola-aziendaagricola24/
Rotondella,https://borgo-office.it/it_it/borgo_rotondella-aziendaagricola37/
Atella,https://borgo-office.it/it_it/borgo_atella-aziendaagricola39/
Montalto Uffugo,https://borgo-office.it/borgo_montaltouffugo-aziendaagricola11/
Zaccanopoli,https://borgo-office.it/it_it/borgo_zaccanopoli-aziendaagricola34/
Barumini,https://borgo-office.it/borgo_barumini-aziendaagricola29/
Caltagirone,https://borgo-office.it/it_it/borgo_caltagirone-aziendaagricola31/
Montelepre,https://borgo-office.it/it_it/borgo_montelepre-aziendaagricola32/
Corleone,https://borgo-office.it/it_it/borgo_corleone-aziendaagricola33/
