title,href,description,starting_price,image_link
Spazio Elabora,https://www.coworkbooking.com/europe/italy/milan/spazio-elabora,"Spazio Elabora is the ultimate co-working solution for professionals. We provide you with comfortable, private and tech ready workstations as well as ... more >",108 CHF /,N/A
The Freelancer's Island,https://www.coworkbooking.com/europe/italy/milan/the-freelancer-s-island,"The Freelancer's Island is a special coworking. 
It's the first coworking space, designed and built just for designers and creative in Milan. 

We ... more >",154 CHF /,N/A
inCOWORK Montegani,https://www.coworkbooking.com/europe/italy/milan/incowork-montegani,"850 MQ DI COWORKING TUTTI PER TE! PER PENSARE. PROGETTARE E LAVORARE
Pensati e progettati per vivere e lavorare immersi nella luce naturale e in un ... more >",174 CHF /,N/A
inCOWORK Cusano Milanino,https://www.coworkbooking.com/europe/italy/milan/incowork-cusano-milanino,"800 MQ DI COWORKING TUTTI PER TE! PER PENSARE. PROGETTARE E LAVORARE
Pensati e progettati per vivere e lavorare in un ambiente giovane e dinamico, ... more >",193 CHF /,N/A
inCOWORK Cernusco sul Naviglio,https://www.coworkbooking.com/europe/italy/milan/incowork-cernusco-sul-naviglio,"380 MQ DI COWORKING TUTTI PER TE! PER PENSARE. PROGETTARE E LAVORARE
Pensati e progettati per vivere e lavorare in un ambiente giovane e dinamico, ... more >",193 CHF /,N/A
YoRoom,https://www.coworkbooking.com/europe/italy/milan/yoroom,"We are a productive and attractive coworking space in the Isola district. The building offers more than 2500 square meters in an old, refurbished ... more >",251 CHF /,N/A
inCOWORK Washington,https://www.coworkbooking.com/europe/italy/milan/incowork-washington,"650 MQ DI COWORKING TUTTI PER TE! PER PENSARE. PROGETTARE E LAVORARE 
Pensati e progettati per vivere e lavorare immersi nella luce naturale e in un ... more >",261 CHF /,N/A
Campus Coworking Milano - Central Station,https://www.coworkbooking.com/europe/italy/milan/campus-coworking-milan,"A vital and stimulating environment, Campus Coworking Milano's location will give you easy accessibility, as it is only 2 steps from Milan Central ... more >",471 CHF /,N/A
Campus Coworking Milano - Porta Romana,https://www.coworkbooking.com/europe/italy/milan/campus-coworking-milano,Campus Coworking Milano is a shared space dedicated to freelancers and startups with a VAT number who want to work by exploiting the potential of an ... more >,471 CHF /,N/A
GARIBALDI BUSINESS CENTER,https://www.coworkbooking.com/europe/italy/milan/garibaldi-business-center,"Garibaldi Business Center is in the heart of the district a few steps away from Gae Aulenti Square, symbol of the “Milan of the future” and Bosco ... more >",522 CHF /,N/A
Impact Hub Milano,https://www.coworkbooking.com/europe/italy/milan/impact-hub-milano1,"Impact Hub Milano è parte di una rete internazionale: luoghi in cui professionisti, imprenditori, creativi e start up possono trovare ispirazione per ... more >",635 CHF /,N/A
Coworking Milano Bicocca,https://www.coworkbooking.com/europe/italy/milan/coworking-milano-bicocca,"""Coworking Milano Bicocca is a freshly renovated shared work space in Milan, close to Milan Bicocca University.\nIt offers a modern and spacious ... more >",N/A,N/A
Loft Coworking,https://www.coworkbooking.com/europe/italy/milan/loft-coworking,"""Furnished, all-inclusive, temporary and ready-to-use offices that will give you flexibility in how and when you want to work, Loft Coworking is a ... more >",N/A,N/A
Talent Garden Milan Merano,https://www.coworkbooking.com/europe/italy/milan/talent-garden-milan-merano,"""The campus for innovators, Talent Garden Milano Merano is a uniquely designed space for digital, tech and creative professionals where everything ... more >",N/A,N/A
Login Milano,https://www.coworkbooking.com/europe/italy/milan/login-milano,"""Login Milano is the largest tech coworking space in Milan with 1,450 square meters of sprawling space within an art foundry. Easily accessible via ... more >",N/A,N/A
Donatello Coworking,https://www.coworkbooking.com/europe/italy/milan/donatello-coworking,"""Donatello Coworking is a digital coworking located in Città Studi, Piola, near the Politecnico University.\nThe space of Mq 320 offers 35 personal or ... more >",N/A,N/A
Coffice Milan,https://www.coworkbooking.com/europe/italy/milan/coffice-milan,"""A space inspired by coworking where you can work, study, play, share projects and passions. Coffice Milano is where you only pay for the time that ... more >",N/A,N/A
MNCoworking Milan,https://www.coworkbooking.com/europe/italy/milan/mncoworking-milan,"""MNCoworking is located in the North-West of the city near the most important real estate interventions, Porta Nuova, Citylife, Portello, up to the ... more >",N/A,N/A
Multiverso Milano,https://www.coworkbooking.com/europe/italy/milan/multiverso-milano,"""Multiverso is a coworking network with offices through Italy that offers office & business facilities to freelancers, startups and companies ... more >",N/A,N/A
Piano C,https://www.coworkbooking.com/europe/italy/milan/piano-c,"""A coworking space addressing the needs of women in the work place, Piano C (Plan C) is on a mission to be a source of wealth, happiness and ... more >",N/A,N/A
reSTART,https://www.coworkbooking.com/europe/italy/milan/restart,"""reSTART is a workspace where you can find the right size. \nIt does not matter whether you are a young startupper, a well-known freelance or a small ... more >",N/A,N/A
Atabaliba,https://www.coworkbooking.com/europe/italy/milan/atabaliba,"""For those who are in the pursuit of happiness…at work AND life, or in other words, achieve a balance between daily work and life, it is in Atabaliba ... more >",N/A,N/A
Uragano Studio,https://www.coworkbooking.com/europe/italy/milan/uragano-studio,"""We are an agency of creative direction active in Milan (Italy) since 2002.\nThe agency’s know how follows a transversal path from fashion to design, ... more >",N/A,N/A
Wonderloft,https://www.coworkbooking.com/europe/italy/milan/wonderloft,"""Wonderloft is the first Italian co-working space dedicated to designers, artisans and creatives, where freelancers and startups can work on their ... more >",N/A,N/A
Working Milano,https://www.coworkbooking.com/europe/italy/milan/working-milano,"""Coworking. Event Space. Garage. All in one place! This is Working Milano. \nA modern open space in the city center of Milan born of a sustainable ... more >",N/A,N/A
Shibumi coworking,https://www.coworkbooking.com/europe/italy/milan/shibumi-coworking,"""Shibumi is a coworking of only 8 stations that wants to create a relaxing and productive work environment. From the meeting room to the single ... more >",N/A,N/A
Flex working,https://www.coworkbooking.com/europe/italy/milan/flex-working,"""Flex working is a coworking space located in the heart of Milan, easily accessible to all major subway lines (M1 San Babila, M3 Monte Napoleone) with ... more >",N/A,N/A
Habitat,https://www.coworkbooking.com/europe/italy/milan/habitat,more >,N/A,N/A
New Work Srl,https://www.coworkbooking.com/europe/italy/milan/new-work-srl,"""New Work is a new workplace designed according to the co-working concept. We offer organized spaces and assistance in starting and running your ... more >",N/A,N/A
Officine Virtuali,https://www.coworkbooking.com/europe/italy/milan/officine-virtuali,"""As part of the coworking network \""Cowo\"", Officine Virtuali is for those who wish to share a work environment whilst maintaining their own ... more >",N/A,N/A
Studio Armad'illo,https://www.coworkbooking.com/europe/italy/milan/studio-armadillo,"""We are located in Viale Gorizia 4, between the Darsena and Tortona area, in a silent and quiet courtyard. The space is about 100 sqm, divided into ... more >",N/A,N/A
BonolaOffice.com,https://www.coworkbooking.com/europe/italy/milan/bonolaofficecom,"""BonolaOffice.com is a 2000 sqm coworking space in a completely renovated building.\nIt's located in the Bonola district in Milan, just a few steps ... more >",N/A,N/A
Co+Fabb,https://www.coworkbooking.com/europe/italy/milan/co-fabb,"""Co+Fabb is a co+working space for companies, a new work space based on collaboration and sharing, it is a productive community where enterprises can ... more >",N/A,N/A
Copernico Milano Centrale,https://www.coworkbooking.com/europe/italy/milan/copernico-milano-centrale,"""Copernico is the smart working plaftorm that offers workspaces and services for business acceleration. It is an innovative ecosystem where you can ... more >",N/A,N/A
Copernico Tortona 33,https://www.coworkbooking.com/europe/italy/milan/copernico-tortona-33,"""Copernico is the innovative ecosystem where you can live a working experience of creativity, sharing and growth opportunities. It is a revolutionary ... more >",N/A,N/A
Ecoworking Milano,https://www.coworkbooking.com/europe/italy/milan/ecoworking-milano,"""Ecoworking is a small space of sharing work in Apple Store style, very bright and exclusive design.\nYou can request your desk for a day, a month, or ... more >",N/A,N/A
Formal Coworking,https://www.coworkbooking.com/europe/italy/milan/formal-coworking,"""In Milan City, in a Modern Office Building we offer Flexible Co-Working solutions for short- or long-term use: PRIVATE OFFICE, SEM-PRIVATE OFFICE, ... more >",N/A,N/A
IF COWORKING,https://www.coworkbooking.com/europe/italy/milan/if-coworking,"""IF Hosts Freelancers and Companies in the World of Digital Creativity. 90% of our coworkers have been with us for years and have created a fantastic ... more >",N/A,N/A
inEDI,https://www.coworkbooking.com/europe/italy/milan/inedi,"""inEDI is the coworking you should be working from if you're a creative interested in the fantastic world of cinema and advertisement. It's not by ... more >",N/A,N/A
LePark,https://www.coworkbooking.com/europe/italy/milan/lepark,"""LePark is the homebase for art, music, video production, photography and communication. Cultural hub and natural habitat of open innovation, as well ... more >",N/A,N/A
