title,city,image_url,href
Azienda agricola bio,Terni,"https://wwoof.imgix.net/photos/hosts/b7cd3ecc31033703b9192ba0ed4a3032.jpg?ar=16:9&fit=crop&auto=format,enhance&q=50&w=576",https://wwoof.it/it/host/15014-azienda-agricola-bio
Meditation & spiritual ecology in Sardegna,Sassari,"https://wwoof.imgix.net/photos/hosts/d0330914fb75fdbcc64760c421d01a81.jpg?ar=16:9&fit=crop&auto=format,enhance&q=50&w=576",https://wwoof.it/it/host/15301-meditation-and-spiritual-ecology-in-sardegna
Destinazione Agrituristica,Venezia,"https://wwoof.imgix.net/photos/hosts/12a36a224a0b816a705e6b27fb9dccb7.jpg?ar=16:9&fit=crop&auto=format,enhance&q=50&w=576",https://wwoof.it/it/host/16003-destinazione-agrituristica
"Family home and garden - rural, Agritourism Destination, Livestock Farm",Bolzano,"https://wwoof.imgix.net/photos/hosts/f2105964991d1060fd6f1d384fa0e8ba.jpg?ar=16:9&fit=crop&auto=format,enhance&q=50&w=576",https://wwoof.it/it/host/15992-family-home-and-garden-rural-agritourism-destination-livestock-farm
"Azienda agricola, Agriturismo, Fattoria",Modena,"https://wwoof.imgix.net/photos/hosts/26cdbf25e5e3e26d6d43356005b85cd7.jpg?ar=16:9&fit=crop&auto=format,enhance&q=50&w=576",https://wwoof.it/it/host/49198-azienda-agricola-agriturismo-fattoria
Family farm,Terni,"https://wwoof.imgix.net/photos/hosts/bd6acef54d3e23f704c9a209d51eb75c.jpg?ar=16:9&fit=crop&auto=format,enhance&q=50&w=576",https://wwoof.it/it/host/16111-family-farm
Piccola fattoria,Biella,"https://wwoof.imgix.net/photos/hosts/59bd6334cac220dfc7e50abe2b360818.jpg?ar=16:9&fit=crop&auto=format,enhance&q=50&w=576",https://wwoof.it/it/host/14873-piccola-fattoria
Destinazione Agrituristica,Pisa,"https://wwoof.imgix.net/photos/hosts/486e00f77cef6ceffb2d804cd27c1a21.jpg?ar=16:9&fit=crop&auto=format,enhance&q=50&w=576",https://wwoof.it/it/host/15902-destinazione-agrituristica
Fattoria mista,Torino,"https://wwoof.imgix.net/photos/hosts/99e07d060c72ba12abc4a367971da728.jpg?ar=16:9&fit=crop&auto=format,enhance&q=50&w=576",https://wwoof.it/it/host/15328-fattoria-mista
Azienda Agricola Biodinamica,Bolzano,"https://wwoof.imgix.net/photos/hosts/299f3ff1a217ff6d8f6e08dc3c425f43.jpg?ar=16:9&fit=crop&auto=format,enhance&q=50&w=576",https://wwoof.it/it/host/15126-azienda-agricola-biodinamica
Fattoria di famiglia,Aosta,"https://wwoof.imgix.net/photos/hosts/84f2bbdf8a60aeaba9d60d0eaa2ecc22.jpg?ar=16:9&fit=crop&auto=format,enhance&q=50&w=576",https://wwoof.it/it/host/15187-fattoria-di-famiglia
,Ancona,"https://wwoof.imgix.net/images/IT/logo.png?bg=fff&pad-left=30&pad-right=30&pad-top=17&pad-bottom=17&fit=fill&ar=16:9&auto=format,enhance&q=50&w=576",https://wwoof.it/it/host/14826
"Azienda agricola, Olivi",Pisa,"https://wwoof.imgix.net/photos/hosts/abf02d9e339a96f366e27af845209575.jpg?ar=16:9&fit=crop&auto=format,enhance&q=50&w=576",https://wwoof.it/it/host/14986-azienda-agricola-olivi
Azienda Agroforestale Biologica,Campobasso,"https://wwoof.imgix.net/photos/hosts/a8824757ef48a3ebc100c6c34eb60bd3.jpg?ar=16:9&fit=crop&auto=format,enhance&q=50&w=576",https://wwoof.it/it/host/15493-azienda-agroforestale-biologica
"Agritourism Destination, Homestead, Cattle Ranch, Mixed Farm, Farm",Firenze,"https://wwoof.imgix.net/photos/hosts/ecc41088eac02340764015ec0ec20c79.jpg?ar=16:9&fit=crop&auto=format,enhance&q=50&w=576",https://wwoof.it/it/host/14782-agritourism-destination-homestead-cattle-ranch-mixed-farm-farm
Fattoria di famiglia,Macerata,"https://wwoof.imgix.net/images/IT/logo.png?bg=fff&pad-left=30&pad-right=30&pad-top=17&pad-bottom=17&fit=fill&ar=16:9&auto=format,enhance&q=50&w=576",https://wwoof.it/it/host/14839-fattoria-di-famiglia
,Massa-Carrara,"https://wwoof.imgix.net/photos/hosts/72eb7dc913c549f3c42b9a9ea580a45b.jpg?ar=16:9&fit=crop&auto=format,enhance&q=50&w=576",https://wwoof.it/it/host/15497
Azienda agricola situata nel polmone verde della costiera amalfitana,Salerno,"https://wwoof.imgix.net/photos/hosts/d1267ab9359115c937c00161623808c1.jpg?ar=16:9&fit=crop&auto=format,enhance&q=50&w=576",https://wwoof.it/it/host/52542-azienda-agricola-situata-nel-polmone-verde-della-costiera-amalfitana
Azienda Agricola Vitivinicola Biologica,Siena,"https://wwoof.imgix.net/photos/hosts/f6272a05b04a8942864240d67d9a176d.jpg?ar=16:9&fit=crop&auto=format,enhance&q=50&w=576",https://wwoof.it/it/host/52839-azienda-agricola-vitivinicola-biologica
"Azienda Agr. biologica colline romagnole con produzione di vino, olio , allevamenti e camere",Rimini,"https://wwoof.imgix.net/photos/hosts/163155effa49dfd8a5483307b4d0b11d.jpg?ar=16:9&fit=crop&auto=format,enhance&q=50&w=576",https://wwoof.it/it/host/46556-azienda-agr-biologica-colline-romagnole-con-produzione-di-vino-olio-allevamenti-e-camere
Azienda agricola e Agricamp L'Amaranto,Cuneo,"https://wwoof.imgix.net/photos/hosts/82c91eb52bee7507b6d4116825be374f.jpg?ar=16:9&fit=crop&auto=format,enhance&q=50&w=576",https://wwoof.it/it/host/47417-azienda-agricola-e-agricamp-lamaranto
Kreislaufwirtschaft mit Schwerpunkt Kräuter,Cuneo,"https://wwoof.imgix.net/photos/hosts/2f5ba7769e34ff3014c8f5f8eeeaa46e.jpg?ar=16:9&fit=crop&auto=format,enhance&q=50&w=576",https://wwoof.it/it/host/50859-kreislaufwirtschaft-mit-schwerpunkt-krauter
Destinazione Agrituristica,Livorno,"https://wwoof.imgix.net/photos/hosts/bf094cb925364a84a00769f2041f117a.jpg?ar=16:9&fit=crop&auto=format,enhance&q=50&w=576",https://wwoof.it/it/host/14906-destinazione-agrituristica
Piccola fattoria a conduzione familiare incentrata sull'auto sufficenza.,Torino,"https://wwoof.imgix.net/photos/hosts/4209143057b38745ef89df028595e761.jpg?ar=16:9&fit=crop&auto=format,enhance&q=50&w=576",https://wwoof.it/it/host/51149-piccola-fattoria-a-conduzione-familiare-incentrata-sullauto-sufficenza
"Educational Centre, Family farm",Bari,"https://wwoof.imgix.net/photos/hosts/37631372e855d34fb5ca94b0256788ee.jpg?ar=16:9&fit=crop&auto=format,enhance&q=50&w=576",https://wwoof.it/it/host/15671-educational-centre-family-farm
,Brescia,"https://wwoof.imgix.net/photos/hosts/c8d9cd05040df8caddfbb3a09343ed74.jpg?ar=16:9&fit=crop&auto=format,enhance&q=50&w=576",https://wwoof.it/it/host/14835
"Frutteto, Fattoria di famiglia, Produzione ortaggi",Aosta,"https://wwoof.imgix.net/photos/hosts/eec43f5fb4e7acc73dc980dcbd8eb0bf.jpg?ar=16:9&fit=crop&auto=format,enhance&q=50&w=576",https://wwoof.it/it/host/15924-frutteto-fattoria-di-famiglia-produzione-ortaggi
Destinazione Agrituristica,Lecce,"https://wwoof.imgix.net/photos/hosts/199dab7861a95b7f713dfff04ec65c09.jpg?ar=16:9&fit=crop&auto=format,enhance&q=50&w=576",https://wwoof.it/it/host/14786-destinazione-agrituristica
Azienda agricola,Trapani,"https://wwoof.imgix.net/photos/hosts/f8be8955d29f4a2444ef6cbe1ac56949.jpg?ar=16:9&fit=crop&auto=format,enhance&q=50&w=576",https://wwoof.it/it/host/14858-azienda-agricola
"Frutteto, Olivi more e lamponi, piante officinali, raccolte di frutta e piante selvatiche",Roma,"https://wwoof.imgix.net/photos/hosts/53ef9daf3988873e11c76b711b3c4e4c.jpg?ar=16:9&fit=crop&auto=format,enhance&q=50&w=576",https://wwoof.it/it/host/15466-frutteto-olivi-more-e-lamponi-piante-officinali-raccolte-di-frutta-e-piante-selvatiche
Casa familiare e giardino - urbano,Belluno,"https://wwoof.imgix.net/photos/hosts/107cd20021f677f9a97c23fdd2a19581.jpg?ar=16:9&fit=crop&auto=format,enhance&q=50&w=576",https://wwoof.it/it/host/15623-casa-familiare-e-giardino-urbano
Fattoria di famiglia,Siena,"https://wwoof.imgix.net/photos/hosts/1341575c9a1f432b4fc67bb7032441d5.jpg?ar=16:9&fit=crop&auto=format,enhance&q=50&w=576",https://wwoof.it/it/host/15426-fattoria-di-famiglia
Azienda Agricola Biologica nelle Alpi,Brescia,"https://wwoof.imgix.net/photos/hosts/b2e2b4da4dc11ba3d82c9eb0bbbf1896.jpg?ar=16:9&fit=crop&auto=format,enhance&q=50&w=576",https://wwoof.it/it/host/14869-azienda-agricola-biologica-nelle-alpi
"Azienda agricola che coltiva in modo completamente naturale frutta, verdura, legumi e cereali.",Cuneo,"https://wwoof.imgix.net/photos/hosts/a8ec9c1cf804b40cf219d28841d19eda.jpg?ar=16:9&fit=crop&auto=format,enhance&q=50&w=576",https://wwoof.it/it/host/48111-azienda-agricola-che-coltiva-in-modo-completamente-naturale-frutta-verdura-legumi-e-cereali
Azienda agricola biologica zootecnica,Udine,"https://wwoof.imgix.net/photos/hosts/21c293700f25e2cccbcd1796c9930f5d.jpg?ar=16:9&fit=crop&auto=format,enhance&q=50&w=576",https://wwoof.it/it/host/50773-azienda-agricola-biologica-zootecnica
Azienda agricola comunitaria,Asti,"https://wwoof.imgix.net/photos/hosts/21e3ed765eaa018a61f7f3b7bd80f63c.jpg?ar=16:9&fit=crop&auto=format,enhance&q=50&w=576",https://wwoof.it/it/host/15135-azienda-agricola-comunitaria
Fattoria con animali da latte e trasformazione in caseificio,Parma,"https://wwoof.imgix.net/photos/hosts/e7b8db6d22c2f8ae599a3fd5c3b0df66.jpg?ar=16:9&fit=crop&auto=format,enhance&q=50&w=576",https://wwoof.it/it/host/15971-fattoria-con-animali-da-latte-e-trasformazione-in-caseificio
Azienda agricola comunitaria,Ancona,"https://wwoof.imgix.net/photos/hosts/008930fc6eb23190dd353a617d98da5d.jpg?ar=16:9&fit=crop&auto=format,enhance&q=50&w=576",https://wwoof.it/it/host/15114-azienda-agricola-comunitaria
Destinazione Agrituristica,Genova,"https://wwoof.imgix.net/photos/hosts/545af89747ae962470d784e2bf79943f.jpg?ar=16:9&fit=crop&auto=format,enhance&q=50&w=576",https://wwoof.it/it/host/15248-destinazione-agrituristica
Azienda Agricola con Agriturismo e Agricapeggio in una vallata isolata al confine con la Slovenia.,Udine,"https://wwoof.imgix.net/photos/hosts/648d99d2799ba15a643bddbee3c644fe.jpg?ar=16:9&fit=crop&auto=format,enhance&q=50&w=576",https://wwoof.it/it/host/16256-azienda-agricola-con-agriturismo-e-agricapeggio-in-una-vallata-isolata-al-confine-con-la-slovenia
Azienda agricola,Massa-Carrara,"https://wwoof.imgix.net/photos/hosts/c79ef9fb3c39e0710d878f2d6aebe3d7.jpg?ar=16:9&fit=crop&auto=format,enhance&q=50&w=576",https://wwoof.it/it/host/14921-azienda-agricola
Azienda agricola biologica produzione frutta cereali vendita diretta,Vicenza,"https://wwoof.imgix.net/photos/hosts/1734d98dc201a0c9a31c6e96881fd9b4.jpg?ar=16:9&fit=crop&auto=format,enhance&q=50&w=576",https://wwoof.it/it/host/15136-azienda-agricola-biologica-produzione-frutta-cereali-vendita-diretta
"Azienda agricola in fase embrionale, vendita ortaggi",Genova,"https://wwoof.imgix.net/photos/hosts/d28ca29133569c8307eedf5a958a3f1c.jpg?ar=16:9&fit=crop&auto=format,enhance&q=50&w=576",https://wwoof.it/it/host/47356-azienda-agricola-in-fase-embrionale-vendita-ortaggi
Azienda agricola con ospitalità rurale in Piemonte località Brozolo,Torino,"https://wwoof.imgix.net/photos/hosts/03576c6cd1f6055279037b88b461a92c.jpg?ar=16:9&fit=crop&auto=format,enhance&q=50&w=576",https://wwoof.it/it/host/34182-azienda-agricola-con-ospitalita-rurale-in-piemonte-localita-brozolo
"Accanto è un’azienda agricola biologica certificata, fattoria didattica alle porte di Modena",Modena,"https://wwoof.imgix.net/photos/hosts/baefedb85bc6fd89d4c8435476c211c0.jpg?ar=16:9&fit=crop&auto=format,enhance&q=50&w=576",https://wwoof.it/it/host/53245-accanto-e-unazienda-agricola-biologica-certificata-fattoria-didattica-alle-porte-di-modena
,Bolzano,"https://wwoof.imgix.net/photos/hosts/915e7e3413ff6a8e3c03f2106c5e38df.jpg?ar=16:9&fit=crop&auto=format,enhance&q=50&w=576",https://wwoof.it/it/host/15325
Ranch con varie specie di animali,Arezzo,"https://wwoof.imgix.net/photos/hosts/337cb5f9155d4ad34763888e316ee1fb.jpg?ar=16:9&fit=crop&auto=format,enhance&q=50&w=576",https://wwoof.it/it/host/47466-ranch-con-varie-specie-di-animali
Piccola fattoria,Lucca,"https://wwoof.imgix.net/photos/hosts/205d87e86b9a5c34e476e652490e0371.jpg?ar=16:9&fit=crop&auto=format,enhance&q=50&w=576",https://wwoof.it/it/host/15489-piccola-fattoria
"Fattoria di famiglia,Falegnameria,Centro Educativo Artistico",Cuneo,"https://wwoof.imgix.net/photos/hosts/faa2a2b61443b8729c8396a59d5f9d5b.jpg?ar=16:9&fit=crop&auto=format,enhance&q=50&w=576",https://wwoof.it/it/host/15515-fattoria-di-famigliafalegnameriacentro-educativo-artistico
Azienda agricola biologica vitale,Vicenza,"https://wwoof.imgix.net/photos/hosts/4b1f0779e5e799d3bb7a09eb9cc4a8df.jpg?ar=16:9&fit=crop&auto=format,enhance&q=50&w=576",https://wwoof.it/it/host/15223-azienda-agricola-biologica-vitale
Azienda agricola di montagna,Udine,"https://wwoof.imgix.net/photos/hosts/3df95ac00ab62be35ebb5c25beb98d58.jpg?ar=16:9&fit=crop&auto=format,enhance&q=50&w=576",https://wwoof.it/it/host/48302-azienda-agricola-di-montagna
Regenerative farming between mountain and sea,Imperia,"https://wwoof.imgix.net/photos/hosts/12ba4ae2e0bde28de205a5d3340bdc21.jpg?ar=16:9&fit=crop&auto=format,enhance&q=50&w=576",https://wwoof.it/it/host/16265-regenerative-farming-between-mountain-and-sea
Piccolo orto e frutteto a conduzione familiare,Aosta,"https://wwoof.imgix.net/photos/hosts/bc44b62ad75a7c5c2604f69560f6de9e.jpg?ar=16:9&fit=crop&auto=format,enhance&q=50&w=576",https://wwoof.it/it/host/16348-piccolo-orto-e-frutteto-a-conduzione-familiare
Fattoria di famiglia,Parma,"https://wwoof.imgix.net/photos/hosts/3d339507ac39013d4c6954eacfcabb9d.jpg?ar=16:9&fit=crop&auto=format,enhance&q=50&w=576",https://wwoof.it/it/host/15051-fattoria-di-famiglia
"Destinazione Agrituristica, Frutteto, Azienda agricola",Rieti,"https://wwoof.imgix.net/photos/hosts/96d1ae92be2a1e995944e0101cbdc612.jpg?ar=16:9&fit=crop&auto=format,enhance&q=50&w=576",https://wwoof.it/it/host/15056-destinazione-agrituristica-frutteto-azienda-agricola
Azienda agricola biologica e rigenerativa negli Appennini Toscani,Arezzo,"https://wwoof.imgix.net/photos/hosts/829865623c58bcbee0e4915f111056e7.jpg?ar=16:9&fit=crop&auto=format,enhance&q=50&w=576",https://wwoof.it/it/host/39241-azienda-agricola-biologica-e-rigenerativa-negli-appennini-toscani
Azienda agricola,Firenze,"https://wwoof.imgix.net/photos/hosts/fb6e72612757ce623e5ed0a41211b113.jpg?ar=16:9&fit=crop&auto=format,enhance&q=50&w=576",https://wwoof.it/it/host/15161-azienda-agricola
"Fattoria familiare in fervente transizione ecologica, ispirati alla permacultura",Napoli,"https://wwoof.imgix.net/photos/hosts/d7f50e799e28f11aa18b0986cff95f1a.jpg?ar=16:9&fit=crop&auto=format,enhance&q=50&w=576",https://wwoof.it/it/host/16333-fattoria-familiare-in-fervente-transizione-ecologica-ispirati-alla-permacultura
"Maneggio di cavalli in addestramento, di allevamento, da scuola e da reining",Verbano-Cusio-Ossola,"https://wwoof.imgix.net/photos/hosts/769f0ebc705560e5c0e72deedaa85a2e.jpg?ar=16:9&fit=crop&auto=format,enhance&q=50&w=576",https://wwoof.it/it/host/50035-maneggio-di-cavalli-in-addestramento-di-allevamento-da-scuola-e-da-reining
"Casa familiare e giardino - rurale, Fattoria di famiglia",Treviso,"https://wwoof.imgix.net/photos/hosts/70e56c099c44e764b5dba0c83b6ff050.jpg?ar=16:9&fit=crop&auto=format,enhance&q=50&w=576",https://wwoof.it/it/host/15641-casa-familiare-e-giardino-rurale-fattoria-di-famiglia
,Forlì-Cesena,"https://wwoof.imgix.net/photos/hosts/691cad3e86f1efb7ae70b1a481380149.jpg?ar=16:9&fit=crop&auto=format,enhance&q=50&w=576",https://wwoof.it/it/host/16342
"Allevamento etologico vacche e cavalli, apicoltura, impresa forestale",Piacenza,"https://wwoof.imgix.net/photos/hosts/56fc85db900e67725a3dea29ee55dc28.jpg?ar=16:9&fit=crop&auto=format,enhance&q=50&w=576",https://wwoof.it/it/host/52634-allevamento-etologico-vacche-e-cavalli-apicoltura-impresa-forestale
"Centro Educativo, Destinazione Agrituristica, Orto commerciale, Allevamento bovini, Ranch di cavalli",Alessandria,"https://wwoof.imgix.net/photos/hosts/1fd20fdeb11990d17d2d95b4cf5beee8.jpg?ar=16:9&fit=crop&auto=format,enhance&q=50&w=576",https://wwoof.it/it/host/15826-centro-educativo-destinazione-agrituristica-orto-commerciale-allevamento-bovini-ranch-di-cavalli
Organismo agricolo,Cuneo,"https://wwoof.imgix.net/photos/hosts/2b64a8e06e52b337e57f1d9559551ade.jpg?ar=16:9&fit=crop&auto=format,enhance&q=50&w=576",https://wwoof.it/it/host/15176-organismo-agricolo
"Agritourism Destination, Smallholding, Family farm",Lucca,"https://wwoof.imgix.net/photos/hosts/a679c2f78b8202cd2f9c4dad702b45bf.jpg?ar=16:9&fit=crop&auto=format,enhance&q=50&w=576",https://wwoof.it/it/host/15522-agritourism-destination-smallholding-family-farm
"Azienda agricola con orto, frutteto e laboratorio di trasformazione",Torino,"https://wwoof.imgix.net/photos/hosts/296950533bffc2c38b0adbd415471d5a.jpg?ar=16:9&fit=crop&auto=format,enhance&q=50&w=576",https://wwoof.it/it/host/48289-azienda-agricola-con-orto-frutteto-e-laboratorio-di-trasformazione
Vivere con la Terra,Forlì-Cesena,"https://wwoof.imgix.net/photos/hosts/0356a75c2e3c29f493ae2c792d3104fe.jpg?ar=16:9&fit=crop&auto=format,enhance&q=50&w=576",https://wwoof.it/it/host/51926-vivere-con-la-terra
"Casa familiare e giardino - rurale, Frutteto, Produzione ortaggi",Vicenza,"https://wwoof.imgix.net/photos/hosts/66d3911bc6e3d873273497ceb4ff02de.jpg?ar=16:9&fit=crop&auto=format,enhance&q=50&w=576",https://wwoof.it/it/host/15908-casa-familiare-e-giardino-rurale-frutteto-produzione-ortaggi
Azienda Agricola con coltivazione di Vite ed Olivi  e trasformazione uva in vino,Avellino,"https://wwoof.imgix.net/photos/hosts/98d697229c6720ae390de75fa642bdba.jpg?ar=16:9&fit=crop&auto=format,enhance&q=50&w=576",https://wwoof.it/it/host/51585-azienda-agricola-con-coltivazione-di-vite-ed-olivi-e-trasformazione-uva-in-vino
"Ranch di cavalli, Allevamento di bestiame, Frutteto, Fattoria di famiglia, Produzione ortaggi",Pisa,"https://wwoof.imgix.net/photos/hosts/2d4a67528a8d0cdf5450806ff034c75d.jpg?ar=16:9&fit=crop&auto=format,enhance&q=50&w=576",https://wwoof.it/it/host/15590-ranch-di-cavalli-allevamento-di-bestiame-frutteto-fattoria-di-famiglia-produzione-ortaggi
Azienda agrituristica nel Parco Naturale dei Montioni,Livorno,"https://wwoof.imgix.net/photos/hosts/7cb6caef9be0d2969c7e51e4a687fd31.jpg?ar=16:9&fit=crop&auto=format,enhance&q=50&w=576",https://wwoof.it/it/host/34167-azienda-agrituristica-nel-parco-naturale-dei-montioni
"Destinazione Agrituristica, Vigneto, Fattoria mista, Produzione ortaggi",Pisa,"https://wwoof.imgix.net/photos/hosts/9cd7c524e6de4d21161fcd26a4788ffd.jpg?ar=16:9&fit=crop&auto=format,enhance&q=50&w=576",https://wwoof.it/it/host/16055-destinazione-agrituristica-vigneto-fattoria-mista-produzione-ortaggi
Azienda agricola naturale sull'Appennino Parmense,Parma,"https://wwoof.imgix.net/photos/hosts/284d7226c7e9b7a1fdbb96cbac24e49c.jpg?ar=16:9&fit=crop&auto=format,enhance&q=50&w=576",https://wwoof.it/it/host/48078-azienda-agricola-naturale-sullappennino-parmense
Sito Ecoturistico,Siena,"https://wwoof.imgix.net/photos/hosts/cd9f499a20bb286d6af71345a34233d8.jpg?ar=16:9&fit=crop&auto=format,enhance&q=50&w=576",https://wwoof.it/it/host/15678-sito-ecoturistico
Fattoria di famiglia,Rieti,"https://wwoof.imgix.net/photos/hosts/e0b9129db5d72dee78e29d030a354f1d.jpg?ar=16:9&fit=crop&auto=format,enhance&q=50&w=576",https://wwoof.it/it/host/16063-fattoria-di-famiglia
"Apicoltura, coltivazioni, Allevamento, Azienda agricola, Produzione ortaggi",Fermo,"https://wwoof.imgix.net/photos/hosts/0f7925eb8e9fb80c7fb969ea172ce90f.jpg?ar=16:9&fit=crop&auto=format,enhance&q=50&w=576",https://wwoof.it/it/host/15559-apicoltura-coltivazioni-allevamento-azienda-agricola-produzione-ortaggi
Destinazione Agrituristica,Lucca,"https://wwoof.imgix.net/photos/hosts/ff6f553613c8a6137244891744bfc694.jpg?ar=16:9&fit=crop&auto=format,enhance&q=50&w=576",https://wwoof.it/it/host/15501-destinazione-agrituristica
Microfarm a prevalenza orticola in pianura padana in provincia di Vicenza.,Vicenza,"https://wwoof.imgix.net/photos/hosts/b374b86ba4b225db09c90c1b64b600d2.jpg?ar=16:9&fit=crop&auto=format,enhance&q=50&w=576",https://wwoof.it/it/host/49444-microfarm-a-prevalenza-orticola-in-pianura-padana-in-provincia-di-vicenza
Destinazione Agrituristica,Viterbo,"https://wwoof.imgix.net/photos/hosts/d2cb3646b7bd25b85d376ad235f899b9.jpg?ar=16:9&fit=crop&auto=format,enhance&q=50&w=576",https://wwoof.it/it/host/16401-destinazione-agrituristica
"Centro Educativo, Fattoria amatoriale, Sito ecoturistico , Sito Ecoturistico , Vigneto, Frutteto",Nuoro,"https://wwoof.imgix.net/photos/hosts/b2b8b76fab55b3d9f80c95aa55e7b33e.jpg?ar=16:9&fit=crop&auto=format,enhance&q=50&w=576",https://wwoof.it/it/host/15602-centro-educativo-fattoria-amatoriale-sito-ecoturistico-sito-ecoturistico-vigneto-frutteto
Fattoria biologica ai piedi del Gran Sasso,Pescara,"https://wwoof.imgix.net/photos/hosts/fdce1581595d7e95ca0697dfd246fa31.jpg?ar=16:9&fit=crop&auto=format,enhance&q=50&w=576",https://wwoof.it/it/host/15394-fattoria-biologica-ai-piedi-del-gran-sasso
"Orto Sociale in Centro Internazionale di Meditazione e Solidarietà, in Piemonte",Alessandria,"https://wwoof.imgix.net/photos/hosts/f935ddbc49ac260665d4d9b1118ba215.jpg?ar=16:9&fit=crop&auto=format,enhance&q=50&w=576",https://wwoof.it/it/host/51357-orto-sociale-in-centro-internazionale-di-meditazione-e-solidarieta-in-piemonte
Fattoria di famiglia,Lecco,"https://wwoof.imgix.net/photos/hosts/e805b9ac0c4c37b2caf8d13c08a62965.jpg?ar=16:9&fit=crop&auto=format,enhance&q=50&w=576",https://wwoof.it/it/host/15157-fattoria-di-famiglia
"Produzione ortaggi, Olivi",Avellino,"https://wwoof.imgix.net/photos/hosts/1548c07562ac5283af9c7fb6f5f30cd5.jpg?ar=16:9&fit=crop&auto=format,enhance&q=50&w=576",https://wwoof.it/it/host/15569-produzione-ortaggi-olivi
Fattoria mista,Campobasso,"https://wwoof.imgix.net/photos/hosts/c244781799b63e2b99151555df2d5526.jpg?ar=16:9&fit=crop&auto=format,enhance&q=50&w=576",https://wwoof.it/it/host/15718-fattoria-mista
"Educational Centre, Eco Retreat, Orchard, Vegetable production",Bologna,"https://wwoof.imgix.net/photos/hosts/8e0ac38eb7417b32928c92925af0e17c.jpg?ar=16:9&fit=crop&auto=format,enhance&q=50&w=576",https://wwoof.it/it/host/15797-educational-centre-eco-retreat-orchard-vegetable-production
,Sassari,"https://wwoof.imgix.net/photos/hosts/578503e9b8e3d2b00085f1478c65e352.jpg?ar=16:9&fit=crop&auto=format,enhance&q=50&w=576",https://wwoof.it/it/host/15647
"Centro Educativo, Piccola fattoria, Comunità intenzionale",Firenze,"https://wwoof.imgix.net/photos/hosts/6f720d6cf9c1c35fa4bd3e5b1f8a145e.jpg?ar=16:9&fit=crop&auto=format,enhance&q=50&w=576",https://wwoof.it/it/host/15105-centro-educativo-piccola-fattoria-comunita-intenzionale
,Rimini,"https://wwoof.imgix.net/images/IT/logo.png?bg=fff&pad-left=30&pad-right=30&pad-top=17&pad-bottom=17&fit=fill&ar=16:9&auto=format,enhance&q=50&w=576",https://wwoof.it/it/host/15151
"Casa familiare e giardino - rurale, Piccola fattoria, Vigneto, Azienda agricola, Produzione ortaggi",Trapani,"https://wwoof.imgix.net/photos/hosts/c0ba98b0cd3c760107f88ec21bcc265f.jpg?ar=16:9&fit=crop&auto=format,enhance&q=50&w=576",https://wwoof.it/it/host/16388-casa-familiare-e-giardino-rurale-piccola-fattoria-vigneto-azienda-agricola-produzione-ortaggi
Azienda agricola,Firenze,"https://wwoof.imgix.net/photos/hosts/30e5738d9addddc1653a73716d8909a9.jpg?ar=16:9&fit=crop&auto=format,enhance&q=50&w=576",https://wwoof.it/it/host/14851-azienda-agricola
"Fattoria mista, Fattoria di famiglia",Parma,"https://wwoof.imgix.net/photos/hosts/7ca328f97d9a37fdf6a37dfc39f76195.jpg?ar=16:9&fit=crop&auto=format,enhance&q=50&w=576",https://wwoof.it/it/host/15687-fattoria-mista-fattoria-di-famiglia
Cascina in the Parco Regionale di  Monte Barro (Como Lake),Lecco,"https://wwoof.imgix.net/photos/hosts/4e945138f4c902b3be549a84c0bf183e.jpg?ar=16:9&fit=crop&auto=format,enhance&q=50&w=576",https://wwoof.it/it/host/52356-cascina-in-the-parco-regionale-di-monte-barro-como-lake
Abbiamo da curare un baby-bosco creato con alberi autoctoni e con metodi di agricoltura naturale.,Lecce,"https://wwoof.imgix.net/photos/hosts/3e45e7311db28de09dc8e0e492aec23d.jpg?ar=16:9&fit=crop&auto=format,enhance&q=50&w=576",https://wwoof.it/it/host/16583-abbiamo-da-curare-un-baby-bosco-creato-con-alberi-autoctoni-e-con-metodi-di-agricoltura-naturale
Progetto in permacultura di un santuario per api,Livorno,"https://wwoof.imgix.net/photos/hosts/996b1594a229a9350b25391e51abfe52.jpg?ar=16:9&fit=crop&auto=format,enhance&q=50&w=576",https://wwoof.it/it/host/15413-progetto-in-permacultura-di-un-santuario-per-api
Fattoria Rigenerativa,Viterbo,"https://wwoof.imgix.net/photos/hosts/065a80471322bc633e9f26a18816eb73.jpg?ar=16:9&fit=crop&auto=format,enhance&q=50&w=576",https://wwoof.it/it/host/15578-fattoria-rigenerativa
Azienda Agricola Organico Rigenerativa Alto Monferrato,Alessandria,"https://wwoof.imgix.net/photos/hosts/cccb93cee9eb8e381d40f765e1ef7c3e.jpg?ar=16:9&fit=crop&auto=format,enhance&q=50&w=576",https://wwoof.it/it/host/50009-azienda-agricola-organico-rigenerativa-alto-monferrato
,Arezzo,"https://wwoof.imgix.net/photos/hosts/2469ffb6d945662f80b6f03b964d9d86.jpg?ar=16:9&fit=crop&auto=format,enhance&q=50&w=576",https://wwoof.it/it/host/14909
"Family home and garden - rural, Flower Garden Farm, Orchard, Olive trees",Chieti,"https://wwoof.imgix.net/photos/hosts/5f1d58a0b911b24e6db3baa6e17d9766.jpg?ar=16:9&fit=crop&auto=format,enhance&q=50&w=576",https://wwoof.it/it/host/16405-family-home-and-garden-rural-flower-garden-farm-orchard-olive-trees
Piccolo agricampeggio biologico familiare con piante e animali,Treviso,"https://wwoof.imgix.net/photos/hosts/68e2932290a9615edf3cd57c68f21abc.jpg?ar=16:9&fit=crop&auto=format,enhance&q=50&w=576",https://wwoof.it/it/host/15831-piccolo-agricampeggio-biologico-familiare-con-piante-e-animali
Azienda Agricola di produzione di formaggi di capra e miele con Agricampeggio,Firenze,"https://wwoof.imgix.net/photos/hosts/a0c740a1b73675a902af6832f85316cc.jpg?ar=16:9&fit=crop&auto=format,enhance&q=50&w=576",https://wwoof.it/it/host/48065-azienda-agricola-di-produzione-di-formaggi-di-capra-e-miele-con-agricampeggio
"Sono Alex e la mia piccola azienda produce verdure, uov, frutta,miele zafferano da agr rigenerativa",Treviso,"https://wwoof.imgix.net/images/IT/logo.png?bg=fff&pad-left=30&pad-right=30&pad-top=17&pad-bottom=17&fit=fill&ar=16:9&auto=format,enhance&q=50&w=576",https://wwoof.it/it/host/49549-sono-alex-e-la-mia-piccola-azienda-produce-verdure-uov-fruttamiele-zafferano-da-agr-rigenerativa
Progetti di comunità e di promozione della cultura rurale,Udine,"https://wwoof.imgix.net/photos/hosts/47e32f1b7755b4039c661b7f93bf59d7.jpg?ar=16:9&fit=crop&auto=format,enhance&q=50&w=576",https://wwoof.it/it/host/46553-progetti-di-comunita-e-di-promozione-della-cultura-rurale
"Azienda zootecnica, agricola e agrituristica sulle Madonie in Sicilia",Palermo,"https://wwoof.imgix.net/photos/hosts/844c634cc00d9885eb24116ebe7558ac.jpg?ar=16:9&fit=crop&auto=format,enhance&q=50&w=576",https://wwoof.it/it/host/39171-azienda-zootecnica-agricola-e-agrituristica-sulle-madonie-in-sicilia
Fattoria di famiglia,Roma,"https://wwoof.imgix.net/photos/hosts/79969ec980dc96901394462a5da95c90.jpg?ar=16:9&fit=crop&auto=format,enhance&q=50&w=576",https://wwoof.it/it/host/15293-fattoria-di-famiglia
Piccola azienda agricola,Cagliari,"https://wwoof.imgix.net/photos/hosts/ab52587b9c1595e886f8df45e0611050.jpg?ar=16:9&fit=crop&auto=format,enhance&q=50&w=576",https://wwoof.it/it/host/52606-piccola-azienda-agricola
"Centro Educativo, Sito Ecoturistico , Vivaio o attività forestali, Olivi",Terni,"https://wwoof.imgix.net/photos/hosts/4bb2f3644b3ec740f4655592b8226065.jpg?ar=16:9&fit=crop&auto=format,enhance&q=50&w=576",https://wwoof.it/it/host/14992-centro-educativo-sito-ecoturistico-vivaio-o-attivita-forestali-olivi
Agroecologica,Trento,"https://wwoof.imgix.net/photos/hosts/ee97fec1d7fd873ed47d852849e48410.jpg?ar=16:9&fit=crop&auto=format,enhance&q=50&w=576",https://wwoof.it/it/host/14827-agroecologica
Fattoria di famiglia,Lecco,"https://wwoof.imgix.net/photos/hosts/55f9c3f213742e8198346fac80b17f20.jpg?ar=16:9&fit=crop&auto=format,enhance&q=50&w=576",https://wwoof.it/it/host/15357-fattoria-di-famiglia
"Casa familiare e giardino - rurale, Orto commerciale, Frutteto",Asti,"https://wwoof.imgix.net/photos/hosts/cbe0f681e33c1ee34c764d2aad1f7cd1.jpg?ar=16:9&fit=crop&auto=format,enhance&q=50&w=576",https://wwoof.it/it/host/16415-casa-familiare-e-giardino-rurale-orto-commerciale-frutteto
,Asti,"https://wwoof.imgix.net/photos/hosts/7b774d3febde7a548e73e30a2629fba6.jpg?ar=16:9&fit=crop&auto=format,enhance&q=50&w=576",https://wwoof.it/it/host/15672
Family home and garden - rural,Trento,"https://wwoof.imgix.net/photos/hosts/9c1625687ed1499c8730eab123645dd1.jpg?ar=16:9&fit=crop&auto=format,enhance&q=50&w=576",https://wwoof.it/it/host/15467-family-home-and-garden-rural
Siamo una piccola comunità   e pratichiamo  la Comunicazione  Nonviolenta di M. Rosenberg,Pisa,"https://wwoof.imgix.net/photos/hosts/cb4d28bf74655055df851cb5096c50a3.jpg?ar=16:9&fit=crop&auto=format,enhance&q=50&w=576",https://wwoof.it/it/host/16417-siamo-una-piccola-comunita-e-pratichiamo-la-comunicazione-nonviolenta-di-m-rosenberg
Progetto di tutela ambientale ed autosufficienza energetica e alimentare,Grosseto,"https://wwoof.imgix.net/photos/hosts/68ee38c0f14ade4358c7740bf270c008.jpg?ar=16:9&fit=crop&auto=format,enhance&q=50&w=576",https://wwoof.it/it/host/15023-progetto-di-tutela-ambientale-ed-autosufficienza-energetica-e-alimentare
Destinazione Agrituristica,Genova,"https://wwoof.imgix.net/photos/hosts/813c5626388693702d303fb481401491.jpg?ar=16:9&fit=crop&auto=format,enhance&q=50&w=576",https://wwoof.it/it/host/15537-destinazione-agrituristica
Centro polivalente agricolo e olistico,Pistoia,"https://wwoof.imgix.net/photos/hosts/2876d172167208072849521d16424b82.jpg?ar=16:9&fit=crop&auto=format,enhance&q=50&w=576",https://wwoof.it/it/host/50761-centro-polivalente-agricolo-e-olistico
AZIENDA AGRICOLA ...,Brindisi,"https://wwoof.imgix.net/photos/hosts/36be1f5239d117bc79b0f5a959054086.jpg?ar=16:9&fit=crop&auto=format,enhance&q=50&w=576",https://wwoof.it/it/host/15342-azienda-agricola
Azienda agricola,Lecco,"https://wwoof.imgix.net/photos/hosts/a6264b8da50714d11a1c990139aa73ce.jpg?ar=16:9&fit=crop&auto=format,enhance&q=50&w=576",https://wwoof.it/it/host/15783-azienda-agricola
,Napoli,"https://wwoof.imgix.net/photos/hosts/74443ebcf67412265cf136bc0ed7d3fb.jpg?ar=16:9&fit=crop&auto=format,enhance&q=50&w=576",https://wwoof.it/it/host/15166
"Family home,cooking and  housekeeping - rural, Vineyard, Winery, Vegetable production, Garden.",Firenze,"https://wwoof.imgix.net/photos/hosts/c5fddd8882cd1bef86bdeaf63209531d.jpg?ar=16:9&fit=crop&auto=format,enhance&q=50&w=576",https://wwoof.it/it/host/14857-family-homecooking-and-housekeeping-rural-vineyard-winery-vegetable-production-garden
Azienda agricola biodinamica,Trento,"https://wwoof.imgix.net/photos/hosts/e61e9c42f20218e4cc0188374db86710.jpg?ar=16:9&fit=crop&auto=format,enhance&q=50&w=576",https://wwoof.it/it/host/14882-azienda-agricola-biodinamica
Alpeggio alternativo nel cuore del Lagorai,Trento,"https://wwoof.imgix.net/photos/hosts/ce29626f34fc5043bb80e72499f64d21.jpg?ar=16:9&fit=crop&auto=format,enhance&q=50&w=576",https://wwoof.it/it/host/50206-alpeggio-alternativo-nel-cuore-del-lagorai
"Agricoltura biologica, cereali antichi, mulino a pietra",Foggia,"https://wwoof.imgix.net/photos/hosts/9c625739c50daf14622d723842c3f7f0.jpg?ar=16:9&fit=crop&auto=format,enhance&q=50&w=576",https://wwoof.it/it/host/15375-agricoltura-biologica-cereali-antichi-mulino-a-pietra
Azienda biologica e biodinamica in Franciaocrta,Brescia,"https://wwoof.imgix.net/photos/hosts/2dca164e9c612004b38ce36de594de87.jpg?ar=16:9&fit=crop&auto=format,enhance&q=50&w=576",https://wwoof.it/it/host/49563-azienda-biologica-e-biodinamica-in-franciaocrta
"Azienda agricola in costruzione, laboratorio artigiano, crocevia di storie",Biella,"https://wwoof.imgix.net/photos/hosts/cf4aa8ef37359a9024fad361b46d800a.jpg?ar=16:9&fit=crop&auto=format,enhance&q=50&w=576",https://wwoof.it/it/host/47245-azienda-agricola-in-costruzione-laboratorio-artigiano-crocevia-di-storie
Fattoria contemporanea,Alessandria,"https://wwoof.imgix.net/photos/hosts/7af2dbbc5885099b81c4c85349f9342e.jpg?ar=16:9&fit=crop&auto=format,enhance&q=50&w=576",https://wwoof.it/it/host/49388-fattoria-contemporanea
